USE DB_CICHLA;
SET SQL_SAFE_UPDATES = 0;

INSERT INTO TB_DEPARTAMENTOS (ID_DEPARTAMENTO, DS_DEPARTAMENTO, DT_CADASTRO, DT_ALTERACAO, ID_STATUS) VALUES ('1', 'TI', CURTIME(),  CURTIME(), 1);
INSERT INTO TB_AREAS (ID_AREA, DS_AREA, ID_DEPARTAMENTO, DT_CADASTRO, DT_ALTERACAO, ID_STATUS) VALUES ('1', 'Desenvolvimento', '1', CURTIME(),  CURTIME(), 1);
INSERT INTO TB_CARGOS (ID_CARGO, DS_CARGO, DT_CADASTRO, DT_ALTERACAO, ID_STATUS) VALUES ('1', 'Desenvolvedor', CURTIME(),  CURTIME(),  1);
INSERT INTO TB_CARGOS (ID_CARGO, DS_CARGO, DT_CADASTRO, DT_ALTERACAO, ID_STATUS) VALUES ('2', 'Coordenador(A)', CURTIME(),  CURTIME(),  1);
INSERT INTO TB_CARGOS_AREA (ID_CARGO_AREA,  ID_CARGO,  ID_AREA,  DT_CRIACAO) VALUES ('1', '1', '1',  CURTIME());
INSERT INTO TB_CARGOS_AREA (ID_CARGO_AREA,  ID_CARGO,  ID_AREA,  DT_CRIACAO) VALUES ('2', '2', '1',  CURTIME());
INSERT INTO TB_CARGOS_PERMISSOES (ID_CARGO_PERMISSAO,  ID_CARGO,  ID_PERMISSAO,  DT_CRIACAO) VALUES ('1', '1', '6',  CURTIME());
INSERT INTO TB_CARGOS_PERMISSOES (ID_CARGO_PERMISSAO,  ID_CARGO,  ID_PERMISSAO,  DT_CRIACAO) VALUES ('1', '2', '1',  CURTIME());
INSERT INTO TB_CARGOS_PERMISSOES (ID_CARGO_PERMISSAO,  ID_CARGO,  ID_PERMISSAO,  DT_CRIACAO) VALUES ('1', '2', '2',  CURTIME());
INSERT INTO TB_CARGOS_PERMISSOES (ID_CARGO_PERMISSAO,  ID_CARGO,  ID_PERMISSAO,  DT_CRIACAO) VALUES ('1', '2', '3',  CURTIME());
INSERT INTO TB_CARGOS_PERMISSOES (ID_CARGO_PERMISSAO,  ID_CARGO,  ID_PERMISSAO,  DT_CRIACAO) VALUES ('1', '2', '4',  CURTIME());
INSERT INTO TB_CARGOS_PERMISSOES (ID_CARGO_PERMISSAO,  ID_CARGO,  ID_PERMISSAO,  DT_CRIACAO) VALUES ('1', '2', '5',  CURTIME());
INSERT INTO TB_CARGOS_PERMISSOES (ID_CARGO_PERMISSAO,  ID_CARGO,  ID_PERMISSAO,  DT_CRIACAO) VALUES ('1', '2', '6',  CURTIME());
INSERT INTO TB_CRITERIOS (ID_CRITERIO, DS_CRITERIO, DT_CADASTRO, DT_ALTERACAO, ID_STATUS) VALUES ('1', 'Habilidade', CURTIME(), CURTIME(), 1);
INSERT INTO TB_CRITERIO_AREA (ID_CRITERIO_AREA, ID_CRITERIO, ID_AREA, PESO, DT_CRIACAO) VALUES ('1', '1', '1', 10, CURTIME());
INSERT INTO TB_QUESTOES (ID_QUESTAO, DS_QUESTAO, ID_CRITERIO, DT_CADASTRO, DT_ALTERACAO, ID_STATUS) VALUES ('1', 'Há clareza nos assuntoas abordados?', '1', CURTIME(), CURTIME(), 1);
INSERT INTO TB_QUESTOES (ID_QUESTAO, DS_QUESTAO, ID_CRITERIO, DT_CADASTRO, DT_ALTERACAO, ID_STATUS) VALUES ('2', 'A interação com a equipe é clara e objetiva?', '1', CURTIME(), CURTIME(), 1);
INSERT INTO TB_USUARIOS (ID_USUARIO,  NOME,  EMAIL,  SENHA,  ID_AVALIADOR,  ID_CARGO,  ID_AREA,  DT_CADASTRO,  DT_ALTERACAO,  ID_STATUS) VALUES ('1', 'Giovanni Antoniolli', 'gili', '81dc9bdb52d04dc20036dbd8313ed055',  NULL, '2', '1', CURTIME(), CURTIME(), 1);
INSERT INTO TB_USUARIOS (ID_USUARIO,  NOME,  EMAIL,  SENHA,  ID_AVALIADOR,  ID_CARGO,  ID_AREA,  DT_CADASTRO,  DT_ALTERACAO,  ID_STATUS) VALUES ('2', 'Gabriel Calixto', 'gaca', '81dc9bdb52d04dc20036dbd8313ed055',  '1', '1', '1', CURTIME(), CURTIME(), 1);
INSERT INTO TB_USUARIOS (ID_USUARIO,  NOME,  EMAIL,  SENHA,  ID_AVALIADOR,  ID_CARGO,  ID_AREA,  DT_CADASTRO,  DT_ALTERACAO,  ID_STATUS) VALUES ('3', 'Willian Santos', 'wios', '81dc9bdb52d04dc20036dbd8313ed055',  '1', '1', '1', CURTIME(), CURTIME(), 1);

SELECT * FROM TB_USUARIOS;

-- SENHA DOS USUÁRIOS É 1234